t_stat,p_value
-408.62591149706225,0.0
232.92307843589856,0.0
398.9816027775719,0.0
121.29182058345162,0.0
-609.0481707636131,0.0
